<application>
  <component name="AndroidLogcatFilterHistory">
    <option name="mostRecentlyUsed" value="package:com.taymay.pdfreader.pdfviewer Teikk_Log" />
    <option name="nonFavorites">
      <list>
        <option value="package:com.taymay.pdfreader.pdfviewer Teikk_Log" />
        <option value="package:com.taymay.pdfreader.pdfviewer" />
        <option value="package:mine Teikk_Log" />
        <option value="package:com.taymay.video.downloader " />
        <option value="package:com.taymay.video.downloader skjdlhjfjsdjkfsd" />
        <option value="package:mine " />
        <option value="package:com.taymay.video.downloader sdjfbhsdjkfsd" />
        <option value="package:com.taymay.video.downloader Sdfjsdnkjfsd" />
        <option value="package:com.taymay.video.downloader sdflksdhjflkdsfs" />
        <option value="package:com.taymay.video.downloader sdkjfhsdjkfds" />
        <option value="package:com.taymay.video.downloader sdfklfjsdlkfds" />
        <option value="package:com.taymay.video.downloader level:error " />
        <option value="package:com.taymay.video.downloader aasdfasdfasdf" />
        <option value="package:com.taymay.video.downloader Sdklfjhdsklfdjsf" />
        <option value="package:com.taymay.video.downloader Teikk_Log" />
        <option value="package:com.taymay.video.downloader thainv" />
        <option value="package:com.taymay.video.downloader" />
        <option value="package:com.taymay.video.downloader sdhjfhjsdklfdjslf" />
        <option value="package:com.taymay.video.downloader Teikk_log" />
        <option value="package:com.taymay.video.downloader sdfjsdjklfsdfd" />
      </list>
    </option>
  </component>
</application>