<application>
  <component name="GoogleLoginApplicationSettings">
    <option name="activeUser" value="kietnt@hihoay.com" />
    <option name="userEmail2FeaturesStore">
      <map>
        <entry key="kietnt@hihoay.com">
          <value>
            <set>
              <option value="User Info" />
              <option value="Firebase" />
            </set>
          </value>
        </entry>
        <entry key="nguyenkiet228@gmail.com">
          <value>
            <set>
              <option value="Firebase" />
              <option value="User Info" />
            </set>
          </value>
        </entry>
      </map>
    </option>
  </component>
</application>