<application>
  <component name="BuildProcessSatisfactionSurveyStore">
    <option name="daysWithGradleBuilds" value="26" />
    <option name="firstKotlinGradleBuildTime" value="1730705849" />
    <option name="lastKotlinGradleBuildTime" value="1747645360" />
    <option name="nextCountedGradleBuild" value="1747714915" />
  </component>
  <component name="KotlinNewUserTracker">
    <option name="firstKtFileOpened" value="1715163027" />
    <option name="lastKtFileOpened" value="1747661373" />
    <option name="newKtUserSince" value="1715163027" />
  </component>
</application>