<application>
  <component name="StudioBotSettings">
    <option name="contextSharingModeV2" value="AlwaysShare" />
    <option name="onboardedVersion" value="3" />
    <option name="queryHistory">
      <list>
        <historyEntry timestamp="1729659487312">Cách tốt nhất để làm giao diện sáng tối trong android</historyEntry>
        <historyEntry timestamp="1729659453208">Change to dark mode in Android Studio</historyEntry>
        <historyEntry timestamp="1723081563878">Explain: FATAL EXCEPTION: main
Process: com.taymay.assistive.touch, PID: 18091
java.lang.RuntimeException: Unable to start service com.taymay.assistive.touch.core.recorder.ScreenRecordService@65ebdfe with Intent { cmp=com.taymay.assistive.touch/.core.recorder.ScreenRecordService (has extras) }: java.lang.NullPointerException: Attempt to invoke virtual method 'boolean android.os.Handler.post(java.lang.Runnable)' on a null object reference
at android.app.ActivityThread.handleServiceArgs(ActivityThread.java:4880)
at android.app.ActivityThread.-$$Nest$mhandleServiceArgs(Unknown Source:0) with tag AndroidRuntime</historyEntry>
        <historyEntry timestamp="1722072905490">Explain: FATAL EXCEPTION: main
Process: com.taymay.assistive.touch, PID: 26205
java.lang.NumberFormatException: For input string: &quot;?2130969494&quot;
at java.lang.Integer.parseInt(Integer.java:797)
at com.android.internal.util.XmlUtils.convertValueToInt(XmlUtils.java:347) with tag AndroidRuntime</historyEntry>
        <historyEntry timestamp="1722052801429">What does the error message &quot;Unexpected tokens (use ';' to separate expressions on the same line)&quot; mean?</historyEntry>
        <historyEntry timestamp="1722052520849">Explain build error: Type mismatch: inferred type is Provider&lt;PluginDependency!&gt;! but String was expected</historyEntry>
        <historyEntry timestamp="1722007417558">Explain: FATAL EXCEPTION: DefaultDispatcher-worker-1
Process: com.taymay.assistive.touch, PID: 15332
java.lang.IndexOutOfBoundsException: Empty list doesn't contain element at index 0.
at kotlin.collections.EmptyList.get(Collections.kt:37)
at kotlin.collections.EmptyList.get(Collections.kt:25) with tag AndroidRuntime</historyEntry>
        <historyEntry timestamp="1722004159105">Explain: at android.view.Choreographer$CallbackRecord.run(Choreographer.java:1459)
at android.view.Choreographer.doCallbacks(Choreographer.java:1089)
at android.view.Choreographer.doFrame(Choreographer.java:1003)
at android.view.Choreographer$FrameDisplayEventReceiver.run(Choreographer.java:1431)
at android.os.Handler.handleCallback(Handler.java:942) with tag AndroidRuntime</historyEntry>
        <historyEntry timestamp="1722004074194">Explain: at androidx.constraintlayout.core.widgets.analyzer.BasicMeasure.measureChildren(BasicMeasure.java:134)
at androidx.constraintlayout.core.widgets.analyzer.BasicMeasure.solverMeasure(BasicMeasure.java:278)
at androidx.constraintlayout.core.widgets.ConstraintWidgetContainer.measure(ConstraintWidgetContainer.java:120)
at androidx.constraintlayout.widget.ConstraintLayout.resolveSystem(ConstraintLayout.java:1594)
at androidx.constraintlayout.widget.ConstraintLayout.onMeasure(ConstraintLayout.java:1708) with tag AndroidRuntime</historyEntry>
        <historyEntry timestamp="1721987556500">Why I delete foreground permission but app have</historyEntry>
        <historyEntry timestamp="1721987381891">Why in this project Assistive alway show</historyEntry>
        <historyEntry timestamp="1721978829031">Explain: FATAL EXCEPTION: main
Process: com.taymay.assistive.touch, PID: 11173
java.lang.IllegalStateException: Fragment already added: ActionBottomSheet{77334ff} (59187336-4f86-4842-ae82-feca071c3546)
at androidx.fragment.app.FragmentStore.addFragment(FragmentStore.java:92)
at androidx.fragment.app.FragmentManager.addFragment(FragmentManager.java:1481) with tag AndroidRuntime</historyEntry>
        <historyEntry timestamp="1721977679028">Explain: FATAL EXCEPTION: main
Process: com.taymay.assistive.touch, PID: 670
android.app.MissingForegroundServiceTypeException: Starting FGS without a type  callerApp=ProcessRecord{1dc6d3d 670:com.taymay.assistive.touch/u0a657} targetSDK=34
at android.app.MissingForegroundServiceTypeException$1.createFromParcel(MissingForegroundServiceTypeException.java:53)
at android.app.MissingForegroundServiceTypeException$1.createFromParcel(MissingForegroundServiceTypeException.java:49) with tag AndroidRuntime</historyEntry>
        <historyEntry timestamp="1721971127278">Explain: FATAL EXCEPTION: main
Process: com.taymay.assistive.touch, PID: 30296
java.lang.IllegalArgumentException: foregroundServiceType 0x40000000 is not a subset of foregroundServiceType attribute 0x00000000 in service element of manifest file
at android.os.Parcel.createExceptionOrNull(Parcel.java:3061)
at android.os.Parcel.createException(Parcel.java:3041) with tag AndroidRuntime</historyEntry>
        <historyEntry timestamp="1721970434774">Explain: FATAL EXCEPTION: main
Process: com.taymay.assistive.touch, PID: 28334
android.app.MissingForegroundServiceTypeException: Starting FGS without a type  callerApp=ProcessRecord{1e1769d 28334:com.taymay.assistive.touch/u0a656} targetSDK=34
at android.app.MissingForegroundServiceTypeException$1.createFromParcel(MissingForegroundServiceTypeException.java:53)
at android.app.MissingForegroundServiceTypeException$1.createFromParcel(MissingForegroundServiceTypeException.java:49) with tag AndroidRuntime</historyEntry>
        <historyEntry timestamp="1721922897544">Explain: FATAL EXCEPTION: main
Process: com.taymay.assistive.touch, PID: 27185
java.lang.NullPointerException: Attempt to invoke virtual method 'int android.graphics.Bitmap.getWidth()' on a null object reference
at com.taymay.assistive.touch.animation.AnimSurface.initView(AnimSurface.java:80)
at com.taymay.assistive.touch.animation.AnimSurface.access$000(AnimSurface.java:18) with tag AndroidRuntime</historyEntry>
        <historyEntry timestamp="1721921561280">Explain build error: Plugin [id: 'com.android.application', version: '8.4.0', apply: false] was not found in any of the following sources:</historyEntry>
        <historyEntry timestamp="1721898576436">Explain: FATAL EXCEPTION: main
Process: com.taymay.assistive.touch, PID: 7640
java.lang.SecurityException: com.taymay.assistive.touch: One of RECEIVER_EXPORTED or RECEIVER_NOT_EXPORTED should be specified when a receiver isn't being registered exclusively for system broadcasts
at android.os.Parcel.createExceptionOrNull(Parcel.java:3057)
at android.os.Parcel.createException(Parcel.java:3041) with tag AndroidRuntime</historyEntry>
        <historyEntry timestamp="1721813614019">Explain: FATAL EXCEPTION: main
Process: com.taymay.assistive.touch, PID: 3479
java.lang.SecurityException: com.taymay.assistive.touch was not granted  this permission: android.permission.WRITE_SETTINGS.
at android.os.Parcel.createExceptionOrNull(Parcel.java:3011)
at android.os.Parcel.createException(Parcel.java:2995) with tag AndroidRuntime</historyEntry>
        <historyEntry timestamp="1721790061573">Explain: FATAL EXCEPTION: main
Process: com.taymay.assistive.touch, PID: 1327
java.lang.IllegalStateException: Can not perform this action after onSaveInstanceState
at androidx.fragment.app.FragmentManager.checkStateLoss(FragmentManager.java:1610)
at androidx.fragment.app.FragmentManager.enqueueAction(FragmentManager.java:1650) with tag AndroidRuntime</historyEntry>
        <historyEntry timestamp="1721789405214">Explain: FATAL EXCEPTION: main
Process: com.taymay.assistive.touch, PID: 19481
java.lang.IllegalStateException: Can not perform this action after onSaveInstanceState
at androidx.fragment.app.FragmentManager.checkStateLoss(FragmentManager.java:1610)
at androidx.fragment.app.FragmentManager.enqueueAction(FragmentManager.java:1650) with tag AndroidRuntime</historyEntry>
        <historyEntry timestamp="1721723475800">Explain: FATAL EXCEPTION: DefaultDispatcher-worker-4
Process: com.taymay.assistive.touch, PID: 25396
java.lang.SecurityException: Injecting input events requires the caller (or the source of the instrumentation, if any) to have the INJECT_EVENTS permission.
at android.os.Parcel.createExceptionOrNull(Parcel.java:3011)
at android.os.Parcel.createException(Parcel.java:2995) with tag AndroidRuntime</historyEntry>
        <historyEntry timestamp="1721723344090">Explain: Could not dispatch event: class com.taymay.assistive.touch.model.event.EventTouch to subscribing class class com.taymay.assistive.touch.service.AccessibilityAppService
java.lang.RuntimeException: This method can not be called from the main application thread
at android.app.Instrumentation.validateNotAppThread(Instrumentation.java:2263)
at android.app.Instrumentation.sendKeySync(Instrumentation.java:1116)
at com.taymay.assistive.touch.service.AccessibilityAppService.onEventTouch(AccessibilityAppService.kt:108) with tag EventBus</historyEntry>
        <historyEntry timestamp="1721722686848">Unresolved reference: goToSleep</historyEntry>
        <historyEntry timestamp="1721722664416">Make suggestions to improve this code:
private fun turnOffScreen() {
    val powerManager = getSystemService(Context.POWER_SERVICE) as PowerManager
    val wakeLock = powerManager.newWakeLock(
        PowerManager.PARTIAL_WAKE_LOCK,
        &quot;MyApp:TurnOffScreen&quot;
    )
    wakeLock.acquire(1000) // Acquire wake lock for a short duration
    powerManager.goToSleep(SystemClock.uptimeMillis())
    wakeLock.release() // Release the wake lock
}</historyEntry>
        <historyEntry timestamp="1721722651568">Fix it</historyEntry>
        <historyEntry timestamp="1721722626672">Done have goToSleep on powerManager</historyEntry>
        <historyEntry timestamp="1721722445131">I want to set on click 1 button on view and handle like user click power button and lower sound on real device</historyEntry>
        <historyEntry timestamp="1721708343325">I want brightnessView in this project will show in the bottom like a bottom sheet</historyEntry>
        <historyEntry timestamp="1721704806544">Explain: Could not dispatch event: class com.taymay.assistive.touch.model.event.EventTouch to subscribing class class com.taymay.assistive.touch.service.AccessibilityAppService
android.view.WindowManager$BadTokenException: Unable to add window -- token null is not valid; is your activity running?
at android.view.ViewRootImpl.setView(ViewRootImpl.java:1405)
at android.view.WindowManagerGlobal.addView(WindowManagerGlobal.java:422)
at android.view.WindowManagerImpl.addView(WindowManagerImpl.java:154) with tag EventBus</historyEntry>
        <historyEntry timestamp="1721702330384">Explain: Could not dispatch event: class com.taymay.assistive.touch.model.event.EventTouch to subscribing class class com.taymay.assistive.touch.service.AccessibilityAppService
java.lang.SecurityException: Not allowed to change Do Not Disturb state
at android.os.Parcel.createExceptionOrNull(Parcel.java:3011)
at android.os.Parcel.createException(Parcel.java:2995)
at android.os.Parcel.readException(Parcel.java:2978) with tag EventBus</historyEntry>
        <historyEntry timestamp="1721701486188">Explain: Could not dispatch event: class com.taymay.assistive.touch.model.event.EventTouch to subscribing class class com.taymay.assistive.touch.service.AccessibilityAppService
java.lang.IllegalArgumentException: View=com.taymay.assistive.touch.core.MenuAssistiveTouch{27da9a9 V.E...... .......D 0,0-1080,2306} not attached to window manager
at android.view.WindowManagerGlobal.findViewLocked(WindowManagerGlobal.java:570)
at android.view.WindowManagerGlobal.removeView(WindowManagerGlobal.java:462)
at android.view.WindowManagerImpl.removeView(WindowManagerImpl.java:208) with tag EventBus</historyEntry>
        <historyEntry timestamp="1721701075255">Explain: Could not dispatch event: class com.taymay.assistive.touch.model.event.EventTouch to subscribing class class com.taymay.assistive.touch.service.AccessibilityAppService
android.content.ActivityNotFoundException: Unable to find explicit activity class {com.android.phone/com.android.phone.NetworkSetting}; have you declared this activity in your AndroidManifest.xml, or does your intent not match its declared &lt;intent-filter&gt;?
at android.app.Instrumentation.checkStartActivityResult(Instrumentation.java:2223)
at android.app.Instrumentation.execStartActivity(Instrumentation.java:1861)
at android.app.ContextImpl.startActivity(ContextImpl.java:1111) with tag EventBus</historyEntry>
        <historyEntry timestamp="1721646064965">Explain: Could not dispatch event: class com.taymay.assistive.touch.model.event.EventTouch to subscribing class class com.taymay.assistive.touch.service.AccessibilityAppService
android.content.ActivityNotFoundException: No Activity found to handle Intent { act=android.settings.QUICK_SETTINGS flg=0x10000000 }
at android.app.Instrumentation.checkStartActivityResult(Instrumentation.java:2226)
at android.app.Instrumentation.execStartActivity(Instrumentation.java:1861)
at android.app.ContextImpl.startActivity(ContextImpl.java:1111) with tag EventBus</historyEntry>
        <historyEntry timestamp="1721639020028">Explain: Could not dispatch event: class com.taymay.assistive.touch.model.event.EventTouch to subscribing class class com.taymay.assistive.touch.service.AccessibilityAppService
android.content.ActivityNotFoundException: Unable to find explicit activity class {com.android.phone/com.android.phone.NetworkSetting}; have you declared this activity in your AndroidManifest.xml, or does your intent not match its declared &lt;intent-filter&gt;?
at android.app.Instrumentation.checkStartActivityResult(Instrumentation.java:2223)
at android.app.Instrumentation.execStartActivity(Instrumentation.java:1861)
at android.app.ContextImpl.startActivity(ContextImpl.java:1111) with tag EventBus</historyEntry>
        <historyEntry timestamp="1721636846249">Explain: Could not dispatch event: class com.taymay.assistive.touch.model.event.EventTouch to subscribing class class com.taymay.assistive.touch.service.AccessibilityAppService
java.lang.SecurityException: com.taymay.assistive.touch was not granted  this permission: android.permission.WRITE_SETTINGS.
at android.os.Parcel.createExceptionOrNull(Parcel.java:3011)
at android.os.Parcel.createException(Parcel.java:2995)
at android.os.Parcel.readException(Parcel.java:2978) with tag EventBus</historyEntry>
        <historyEntry timestamp="1721634737018">Explain: Could not dispatch event: class com.taymay.assistive.touch.model.event.EventTouch to subscribing class class com.taymay.assistive.touch.service.AccessibilityAppService
java.lang.SecurityException: Permission Denial: not allowed to send broadcast android.intent.action.AIRPLANE_MODE from pid=3954, uid=11029
at android.os.Parcel.createExceptionOrNull(Parcel.java:3011)
at android.os.Parcel.createException(Parcel.java:2995)
at android.os.Parcel.readException(Parcel.java:2978) with tag EventBus</historyEntry>
        <historyEntry timestamp="1721634524456">Explain: Could not dispatch event: class com.taymay.assistive.touch.model.event.EventTouch to subscribing class class com.taymay.assistive.touch.service.AccessibilityAppService
java.lang.SecurityException: Permission Denial: not allowed to send broadcast android.intent.action.AIRPLANE_MODE from pid=3952, uid=11029
at android.os.Parcel.createExceptionOrNull(Parcel.java:3011)
at android.os.Parcel.createException(Parcel.java:2995)
at android.os.Parcel.readException(Parcel.java:2978) with tag EventBus</historyEntry>
        <historyEntry timestamp="1721632171444">Explain: Could not dispatch event: class com.taymay.assistive.touch.model.event.EventTouch to subscribing class class com.taymay.assistive.touch.service.AccessibilityAppService
java.lang.SecurityException: Permission denial: writing to settings requires:android.permission.WRITE_SECURE_SETTINGS
at android.os.Parcel.createExceptionOrNull(Parcel.java:3011)
at android.os.Parcel.createException(Parcel.java:2995)
at android.os.Parcel.readException(Parcel.java:2978) with tag EventBus</historyEntry>
        <historyEntry timestamp="1721378963283">Explain: FATAL EXCEPTION: DefaultDispatcher-worker-3
Process: com.taymay.assistive.touch, PID: 30913
android.view.ViewRootImpl$CalledFromWrongThreadException: Only the original thread that created a view hierarchy can touch its views.
at android.view.ViewRootImpl.checkThread(ViewRootImpl.java:10188)
at android.view.ViewRootImpl.requestLayout(ViewRootImpl.java:2085) with tag AndroidRuntime</historyEntry>
        <historyEntry timestamp="1721358001827">Explain: FATAL EXCEPTION: main
Process: com.taymay.assistive.touch, PID: 18722
java.lang.IllegalStateException: Can not perform this action after onSaveInstanceState
at androidx.fragment.app.FragmentManager.checkStateLoss(FragmentManager.java:1610)
at androidx.fragment.app.FragmentManager.enqueueAction(FragmentManager.java:1650) with tag AndroidRuntime</historyEntry>
        <historyEntry timestamp="1721355717302">Explain: Could not dispatch event: class com.taymay.assistive.touch.model.event.EventTouch to subscribing class class com.taymay.assistive.touch.service.AccessibilityAppService
android.util.AndroidRuntimeException: Calling startActivity() from outside of an Activity  context requires the FLAG_ACTIVITY_NEW_TASK flag. Is this really what you want?
at android.app.ContextImpl.startActivity(ContextImpl.java:1106)
at android.app.ContextImpl.startActivity(ContextImpl.java:1082)
at android.content.ContextWrapper.startActivity(ContextWrapper.java:442) with tag EventBus</historyEntry>
        <historyEntry timestamp="1721355577045">Explain: at com.taymay.assistive.touch.core.MyViewHolder.handleAccessibilityClick(MyViewHolder.kt:206)
at com.taymay.assistive.touch.core.MyViewHolder.handleAccessibilityClick(MyViewHolder.kt:206)
at com.taymay.assistive.touch.core.MyViewHolder.handleAccessibilityClick(MyViewHolder.kt:206)
at com.taymay.assistive.touch.core.MyViewHolder.handleAccessibilityClick(MyViewHolder.kt:206)
at com.taymay.assistive.touch.core.MyViewHolder.handleAccessibilityClick(MyViewHolder.kt:206) with tag AndroidRuntime</historyEntry>
        <historyEntry timestamp="1721296509172">Explain: FATAL EXCEPTION: main
Process: com.taymay.assistive.touch, PID: 16244
java.lang.IllegalStateException: Cannot access database on the main thread since it may potentially lock the UI for a long period of time.
at androidx.room.RoomDatabase.assertNotMainThread(RoomDatabase.kt:435)
at androidx.room.RoomDatabase.beginTransaction(RoomDatabase.kt:505) with tag AndroidRuntime</historyEntry>
        <historyEntry timestamp="1721288167099">Explain: FATAL EXCEPTION: main
Process: com.taymay.assistive.touch, PID: 32174
java.lang.IllegalStateException: Cannot access database on the main thread since it may potentially lock the UI for a long period of time.
at androidx.room.RoomDatabase.assertNotMainThread(RoomDatabase.kt:435)
at androidx.room.RoomDatabase.beginTransaction(RoomDatabase.kt:505) with tag AndroidRuntime</historyEntry>
        <historyEntry timestamp="1721272398860">Explain: FATAL EXCEPTION: main
Process: com.taymay.assistive.touch, PID: 30294
java.lang.IllegalStateException: View com.taymay.assistive.touch.core.MenuAssistiveTouch{54ec8e V.E...... ........ 0,0-880,1068} has already been added to the window manager.
at android.view.WindowManagerGlobal.addView(WindowManagerGlobal.java:359)
at android.view.WindowManagerImpl.addView(WindowManagerImpl.java:154) with tag AndroidRuntime</historyEntry>
        <historyEntry timestamp="1721039776739">Explain: FATAL EXCEPTION: main
Process: com.demo.fingerprint.testing, PID: 24937
java.lang.RuntimeException: Unable to start activity ComponentInfo{com.demo.fingerprint.testing/com.demo.fingerprint.testing.MainActivity}: kotlin.UninitializedPropertyAccessException: lateinit property bindingMain has not been initialized
at android.app.ActivityThread.performLaunchActivity(ActivityThread.java:3834)
at android.app.ActivityThread.handleLaunchActivity(ActivityThread.java:3980) with tag AndroidRuntime</historyEntry>
        <historyEntry timestamp="1721038200045">Explain: FATAL EXCEPTION: main
Process: com.demo.fingerprint.testing, PID: 9719
java.lang.RuntimeException: Unable to start activity ComponentInfo{com.demo.fingerprint.testing/com.demo.fingerprint.testing.MainActivity}: java.lang.IllegalStateException: The specified child already has a parent. You must call removeView() on the child's parent first.
at android.app.ActivityThread.performLaunchActivity(ActivityThread.java:3834)
at android.app.ActivityThread.handleLaunchActivity(ActivityThread.java:3980) with tag AndroidRuntime</historyEntry>
        <historyEntry timestamp="1721034351137">Explain: FATAL EXCEPTION: DefaultDispatcher-worker-1
Process: com.demo.fingerprint.testing, PID: 21160
java.lang.ClassCastException: android.graphics.drawable.NinePatchDrawable cannot be cast to android.graphics.drawable.BitmapDrawable
at com.demo.fingerprint.database.Converters.fromDrawable(Converters.kt:16)
at com.demo.fingerprint.database.AppInfoDao_Impl$1.bind(AppInfoDao_Impl.java:52) with tag AndroidRuntime</historyEntry>
        <historyEntry timestamp="1721031921310">Explain: FATAL EXCEPTION: DefaultDispatcher-worker-2
Process: com.demo.fingerprint.testing, PID: 12515
java.lang.ClassCastException: android.graphics.drawable.NinePatchDrawable cannot be cast to android.graphics.drawable.BitmapDrawable
at com.demo.fingerprint.database.DrawableConverter.fromDrawable(DrawableConverter.kt:15)
at com.demo.fingerprint.database.AppInfoDao_Impl$1.bind(AppInfoDao_Impl.java:52) with tag AndroidRuntime</historyEntry>
        <historyEntry timestamp="1721031576231">Explain: FATAL EXCEPTION: main
Process: com.demo.fingerprint.testing, PID: 3253
java.lang.RuntimeException: Unable to start activity ComponentInfo{com.demo.fingerprint.testing/com.demo.fingerprint.testing.MainActivity}: java.lang.IllegalArgumentException: A required type converter (class com.demo.fingerprint.database.DrawableConverter) for com.demo.fingerprint.database.AppInfoDao is missing in the database configuration.
at android.app.ActivityThread.performLaunchActivity(ActivityThread.java:3834)
at android.app.ActivityThread.handleLaunchActivity(ActivityThread.java:3980) with tag AndroidRuntime</historyEntry>
        <historyEntry timestamp="1721031494221">Explain: FATAL EXCEPTION: main
Process: com.demo.fingerprint.testing, PID: 3251
java.lang.RuntimeException: Unable to start activity ComponentInfo{com.demo.fingerprint.testing/com.demo.fingerprint.testing.MainActivity}: java.lang.IllegalArgumentException: A required type converter (class com.demo.fingerprint.database.DrawableConverter) for com.demo.fingerprint.database.AppInfoDao is missing in the database configuration.
at android.app.ActivityThread.performLaunchActivity(ActivityThread.java:3834)
at android.app.ActivityThread.handleLaunchActivity(ActivityThread.java:3980) with tag AndroidRuntime</historyEntry>
        <historyEntry timestamp="1721031377251">Explain: FATAL EXCEPTION: main
Process: com.demo.fingerprint.testing, PID: 31030
java.lang.RuntimeException: Unable to start activity ComponentInfo{com.demo.fingerprint.testing/com.demo.fingerprint.testing.MainActivity}: java.lang.IllegalArgumentException: Unexpected type converter androidx.databinding.adapters.Converters@d6bf21c. Annotate TypeConverter class with @ProvidedTypeConverter annotation or remove this converter from the builder.
at android.app.ActivityThread.performLaunchActivity(ActivityThread.java:3834)
at android.app.ActivityThread.handleLaunchActivity(ActivityThread.java:3980) with tag AndroidRuntime</historyEntry>
        <historyEntry timestamp="1721017861906">Explain: lateinit property activityResultLauncher has not been initialized
kotlin.UninitializedPropertyAccessException: lateinit property activityResultLauncher has not been initialized
at com.demo.fingerprint.custom_view.MultiTaskView$replaceToFavorView$1.invoke(MultiTaskView.kt:214)
at com.demo.fingerprint.custom_view.MultiTaskView$replaceToFavorView$1.invoke(MultiTaskView.kt:204)
at com.demo.fingerprint.adapter.FavoriteAppAdapter$onBindViewHolder$1$1.invoke(FavoriteAppAdapter.kt:47) with tag EX</historyEntry>
        <historyEntry timestamp="1721010144534">I want accessiblityAppService always run while i kill app</historyEntry>
        <historyEntry timestamp="1720756352846">Explain: FATAL EXCEPTION: main
Process: com.demo.fingerprint.testing, PID: 10075
android.util.AndroidRuntimeException: Calling startActivity() from outside of an Activity  context requires the FLAG_ACTIVITY_NEW_TASK flag. Is this really what you want?
at android.app.ContextImpl.startActivity(ContextImpl.java:1106)
at android.app.ContextImpl.startActivity(ContextImpl.java:1082) with tag AndroidRuntime</historyEntry>
        <historyEntry timestamp="1720689954176">Explain: FATAL EXCEPTION: main
Process: com.demo.fingerprint.testing, PID: 19475
java.lang.NullPointerException: Attempt to invoke virtual method 'android.view.View android.widget.ImageView.findViewById(int)' on a null object reference
at com.demo.fingerprint.adapter.ImageAdapter$ImageViewHolder.&lt;init&gt;(ImageAdapter.java:51)
at com.demo.fingerprint.adapter.ImageAdapter.onCreateViewHolder(ImageAdapter.java:29) with tag AndroidRuntime</historyEntry>
        <historyEntry timestamp="1720689546821">Explain: FATAL EXCEPTION: main
Process: com.demo.fingerprint.testing, PID: 8981
java.lang.ClassCastException: androidx.constraintlayout.widget.ConstraintLayout cannot be cast to android.widget.ImageView
at com.demo.fingerprint.adapter.ImageAdapter.onCreateViewHolder(ImageAdapter.java:22)
at com.demo.fingerprint.adapter.ImageAdapter.onCreateViewHolder(ImageAdapter.java:11) with tag AndroidRuntime</historyEntry>
        <historyEntry timestamp="1720686152077">Explain: android.view.WindowManager$BadTokenException: Unable to add window android.view.ViewRootImpl$W@3ec0998 -- permission denied for window type 2002
at android.view.ViewRootImpl.setView(ViewRootImpl.java:1429)
at android.view.WindowManagerGlobal.addView(WindowManagerGlobal.java:422)
at android.view.WindowManagerImpl.addView(WindowManagerImpl.java:154)
at com.demo.fingerprint.custom_view.MyViewHolder.showMutiTaskMainView(MyViewHolder.kt:51) with tag MessageQueue-JNI</historyEntry>
        <historyEntry timestamp="1720684360911">Explain: FATAL EXCEPTION: main
Process: com.demo.fingerprint.testing, PID: 1607
android.view.WindowManager$BadTokenException: Unable to add window -- token null is not valid; is your activity running?
at android.view.ViewRootImpl.setView(ViewRootImpl.java:1405)
at android.view.WindowManagerGlobal.addView(WindowManagerGlobal.java:422) with tag AndroidRuntime</historyEntry>
        <historyEntry timestamp="1720673757260">Explain: FATAL EXCEPTION: main
Process: com.rance.easypoint.easypoint, PID: 31186
java.lang.RuntimeException: Unable to start activity ComponentInfo{com.rance.easypoint.easypoint/com.rance.easypoint.easypoint.activity.MainActivity}: java.lang.NullPointerException: Attempt to invoke virtual method 'void com.kyleduo.switchbutton.SwitchButton.setOnCheckedChangeListener(android.widget.CompoundButton$OnCheckedChangeListener)' on a null object reference
at android.app.ActivityThread.performLaunchActivity(ActivityThread.java:3834)
at android.app.ActivityThread.handleLaunchActivity(ActivityThread.java:3980) with tag AndroidRuntime</historyEntry>
        <historyEntry timestamp="1720673470502">Explain: FATAL EXCEPTION: main
Process: com.rance.easypoint.easypoint, PID: 20015
java.lang.RuntimeException: Unable to start activity ComponentInfo{com.rance.easypoint.easypoint/com.rance.easypoint.easypoint.activity.MainActivity}: java.lang.NullPointerException: Attempt to invoke virtual method 'void com.kyleduo.switchbutton.SwitchButton.setChecked(boolean)' on a null object reference
at android.app.ActivityThread.performLaunchActivity(ActivityThread.java:3834)
at android.app.ActivityThread.handleLaunchActivity(ActivityThread.java:3980) with tag AndroidRuntime</historyEntry>
        <historyEntry timestamp="1720672692969">Explain build error: Could not get unknown property 'compile' for configuration container of type org.gradle.api.internal.artifacts.configurations.DefaultConfigurationContainer</historyEntry>
        <historyEntry timestamp="1720672453397">Explain build error: Could not find method compile() for arguments [directory 'libs'] on object of type org.gradle.api.internal.artifacts.dsl.dependencies.DefaultDependencyHandler</historyEntry>
        <historyEntry timestamp="1720670967738">Explain: FATAL EXCEPTION: main
Process: com.demo.fingerprint.testing, PID: 28863
java.lang.RuntimeException: Error receiving broadcast Intent { act=android.intent.action.BATTERY_CHANGED flg=0x60000010 (has extras) } in com.demo.fingerprint.testing.MainActivity2$1@2fac192
at android.app.LoadedApk$ReceiverDispatcher$Args.lambda$getRunnable$0$android-app-LoadedApk$ReceiverDispatcher$Args(LoadedApk.java:1832)
at android.app.LoadedApk$ReceiverDispatcher$Args$$ExternalSyntheticLambda0.run(Unknown Source:2) with tag AndroidRuntime</historyEntry>
        <historyEntry timestamp="1719981817506">Explain: FATAL EXCEPTION: main
Process: com.taymay.fingerprint.animation, PID: 17912
java.lang.SecurityException: Permission Denial: opening provider com.miui.gallery.provider.GalleryOpenProvider from ProcessRecord{b1866d 17912:com.taymay.fingerprint.animation/u0a1209} (pid=17912, uid=11209) that is not exported from UID 10133
at android.os.Parcel.createExceptionOrNull(Parcel.java:3057)
at android.os.Parcel.createException(Parcel.java:3041) with tag AndroidRuntime</historyEntry>
        <historyEntry timestamp="1719979943144">Explain: FATAL EXCEPTION: main
Process: com.taymay.fingerprint.animation, PID: 19531
java.lang.SecurityException: Permission Denial: opening provider com.miui.gallery.provider.GalleryOpenProvider from ProcessRecord{6bdb5b 19531:com.taymay.fingerprint.animation/u0a786} (pid=19531, uid=10786) that is not exported from UID 10156
at android.os.Parcel.createExceptionOrNull(Parcel.java:3011)
at android.os.Parcel.createException(Parcel.java:2995) with tag AndroidRuntime</historyEntry>
        <historyEntry timestamp="1719979576176">Explain: FATAL EXCEPTION: main
Process: com.taymay.fingerprint.animation, PID: 19523
java.lang.SecurityException: Permission Denial: opening provider com.miui.gallery.provider.GalleryOpenProvider from ProcessRecord{cd5f13f 19523:com.taymay.fingerprint.animation/u0a786} (pid=19523, uid=10786) that is not exported from UID 10156
at android.os.Parcel.createExceptionOrNull(Parcel.java:3011)
at android.os.Parcel.createException(Parcel.java:2995) with tag AndroidRuntime</historyEntry>
        <historyEntry timestamp="1719914367292">Explain: FATAL EXCEPTION: main
Process: com.taymay.fingerprint.animation, PID: 23556
com.bumptech.glide.load.engine.CallbackException: Unexpected exception thrown by non-Glide code
at com.bumptech.glide.load.engine.EngineJob.callCallbackOnResourceReady(EngineJob.java:161)
at com.bumptech.glide.load.engine.EngineJob$CallResourceReady.run(EngineJob.java:428) with tag AndroidRuntime</historyEntry>
        <historyEntry timestamp="1719912211230">What does the error message &quot;',' expected&quot; mean?</historyEntry>
        <historyEntry timestamp="1719897049315">Explain: FATAL EXCEPTION: main
Process: com.taymay.fingerprint.animation, PID: 5985
java.lang.RuntimeException: Unable to start activity ComponentInfo{com.taymay.fingerprint.animation/com.demo.fingerprintanimation.ui.activities.main.NewMainActivity}: java.lang.IndexOutOfBoundsException: Index 0 out of bounds for length 0
at android.app.ActivityThread.performLaunchActivity(ActivityThread.java:3834)
at android.app.ActivityThread.handleLaunchActivity(ActivityThread.java:3980) with tag AndroidRuntime</historyEntry>
        <historyEntry timestamp="1719892334826">Explain: FATAL EXCEPTION: main
Process: com.taymay.fingerprint.animation, PID: 30544
java.lang.RuntimeException: Unable to get provider androidx.startup.InitializationProvider: androidx.startup.StartupException: java.lang.NoClassDefFoundError: Failed resolution of: Landroidx/lifecycle/ReportFragment$ActivityInitializationListener;
at android.app.ActivityThread.installProvider(ActivityThread.java:7865)
at android.app.ActivityThread.installContentProviders(ActivityThread.java:7371) with tag AndroidRuntime</historyEntry>
        <historyEntry timestamp="1719892095057">Explain: [DataCollector] Could not collect Google Advertising ID - this will negatively impact your eCPMs! Please integrate the Google Play Services SDK into your application. More info can be found online at http://developer.android.com/google/play-services/setup.html. If you're sure you've integrated the SDK and are still seeing this message, you may need to add a ProGuard exception: -keep public class com.google.android.gms.** { public protected *; }
java.io.IOException: java.util.concurrent.TimeoutException: Timed out waiting for the service connection
at com.google.android.gms.ads.identifier.AdvertisingIdClient.zzb(com.google.android.gms:play-services-ads-identifier@@17.1.0:16)
at com.google.android.gms.ads.identifier.AdvertisingIdClient.getAdvertisingIdInfo(com.google.android.gms:play-services-ads-identifier@@17.1.0:3)
at com.applovin.impl.l0.collectGoogleAdvertisingInfo(SourceFile:9) with tag AppLovinSdk</historyEntry>
        <historyEntry timestamp="1719890693205">Explain build error: The Crashlytics Gradle plugin 3 requires `com.android.application` version 8.1 or above. For more information, see https://firebase.google.com/docs/crashlytics/upgrade-to-crashlytics-gradle-plugin-v3</historyEntry>
        <historyEntry timestamp="1719887937483">Explain build error: The Crashlytics Gradle plugin 3 requires `com.android.application` version 8.1 or above. For more information, see https://firebase.google.com/docs/crashlytics/upgrade-to-crashlytics-gradle-plugin-v3</historyEntry>
        <historyEntry timestamp="1719887835062">Explain build error: The Crashlytics Gradle plugin 3 requires Gradle 8.0 or above. For more information, see https://firebase.google.com/docs/crashlytics/upgrade-to-crashlytics-gradle-plugin-v3</historyEntry>
        <historyEntry timestamp="1719831067164">Explain: FATAL EXCEPTION: main
Process: com.demo.fingerprintanimation, PID: 10454
java.lang.NullPointerException: Attempt to invoke virtual method 'void java.util.ArrayList.clear()' on a null object reference
at com.demo.fingerprintanimation.ui.activities.splash.SplashActivity$2.onResponse(SplashActivity.java:130)
at retrofit2.ExecutorCallAdapterFactory$ExecutorCallbackCall$1$1.run(ExecutorCallAdapterFactory.java:68) with tag AndroidRuntime</historyEntry>
        <historyEntry timestamp="1719829258425">Explain: FATAL EXCEPTION: OkHttp Dispatcher
Process: com.demo.fingerprintanimation, PID: 26477
java.lang.NoSuchMethodError: No virtual method log(ILjava/lang/String;Ljava/lang/Throwable;)V in class Lokhttp3/internal/platform/Platform; or its super classes (declaration of 'okhttp3.internal.platform.Platform' appears in /data/app/~~fiBI38VJUlaNiH-nGGxjQA==/com.demo.fingerprintanimation-ppsf7n1OtfzxQp-tsRly3w==/base.apk!classes4.dex)
at okhttp3.logging.HttpLoggingInterceptor$Logger$1.log(HttpLoggingInterceptor.java:112)
at okhttp3.logging.HttpLoggingInterceptor.intercept(HttpLoggingInterceptor.java:160) with tag AndroidRuntime</historyEntry>
        <historyEntry timestamp="1719828845476">Explain: FATAL EXCEPTION: OkHttp Dispatcher
Process: com.demo.fingerprintanimation, PID: 26476
java.lang.NoSuchMethodError: No virtual method log(ILjava/lang/String;Ljava/lang/Throwable;)V in class Lokhttp3/internal/platform/Platform; or its super classes (declaration of 'okhttp3.internal.platform.Platform' appears in /data/app/~~UnlEELsEvNeaR7DJwITy6A==/com.demo.fingerprintanimation-N262D_GiMytwP7KGKCm_7Q==/base.apk!classes4.dex)
at okhttp3.logging.HttpLoggingInterceptor$Logger$1.log(HttpLoggingInterceptor.java:112)
at okhttp3.logging.HttpLoggingInterceptor.intercept(HttpLoggingInterceptor.java:160) with tag AndroidRuntime</historyEntry>
        <historyEntry timestamp="1719827584527">Explain gradle sync issue: We recommend using a newer Android Gradle plugin to use compileSdk = 34

This Android Gradle plugin (7.3.1) was tested up to compileSdk = 33

This warning can be suppressed by adding
    android.suppressUnsupportedCompileSdk=34
to this project's gradle.properties

The build will continue, but you are strongly encouraged to update your project to
use a newer Android Gradle Plugin that has been tested with compileSdk = 34</historyEntry>
        <historyEntry timestamp="1719558497645">Explain: Conscrypt initialization failed.
java.lang.NoClassDefFoundError: Failed resolution of: Lcom/google/android/gms/security/ProviderInstaller;
at com.koushikdutta.ion.conscrypt.ConscryptMiddleware.initialize(ConscryptMiddleware.java:58)
at com.koushikdutta.ion.conscrypt.ConscryptMiddleware.initialize(ConscryptMiddleware.java:75)
at com.koushikdutta.ion.conscrypt.ConscryptMiddleware.getSocket(ConscryptMiddleware.java:103) with tag IonConscrypt</historyEntry>
        <historyEntry timestamp="1719551252658">Explain: Conscrypt initialization failed.
java.lang.NoClassDefFoundError: Failed resolution of: Lcom/google/android/gms/security/ProviderInstaller;
at com.koushikdutta.ion.conscrypt.ConscryptMiddleware.initialize(ConscryptMiddleware.java:58)
at com.koushikdutta.ion.conscrypt.ConscryptMiddleware.initialize(ConscryptMiddleware.java:75)
at com.koushikdutta.ion.conscrypt.ConscryptMiddleware.getSocket(ConscryptMiddleware.java:103) with tag IonConscrypt</historyEntry>
        <historyEntry timestamp="1719550791474">Could not find com.google.android.gms:play-services-security:20.0.0.
Required by:
    project :app</historyEntry>
        <historyEntry timestamp="1719550682743">Explain: Conscrypt initialization failed.
java.lang.NoClassDefFoundError: Failed resolution of: Lcom/google/android/gms/security/ProviderInstaller;
at com.koushikdutta.ion.conscrypt.ConscryptMiddleware.initialize(ConscryptMiddleware.java:58)
at com.koushikdutta.ion.conscrypt.ConscryptMiddleware.initialize(ConscryptMiddleware.java:75)
at com.koushikdutta.ion.conscrypt.ConscryptMiddleware.getSocket(ConscryptMiddleware.java:103) with tag IonConscrypt</historyEntry>
        <historyEntry timestamp="1719550027895">package com.demo.fingerprintanimation.services;

import android.app.KeyguardManager;
import android.content.ContentResolver;
import android.content.Context;
import android.content.res.Resources;
import android.graphics.Bitmap;
import android.graphics.BitmapFactory;
import android.graphics.Canvas;
import android.graphics.Matrix;
import android.graphics.Movie;
import android.graphics.Paint;
import android.graphics.Rect;
import android.net.Uri;
import android.os.Handler;
import android.service.wallpaper.WallpaperService;
import android.util.Log;
import android.view.SurfaceHolder;
import androidx.core.view.ViewCompat;
import com.demo.fingerprintanimation.R;
import com.demo.fingerprintanimation.ui.activities.main.NewMainActivity;
import com.demo.fingerprintanimation.utils.PrefUtils;
import com.demo.fingerprintanimation.utils.PrefUtilsNew;

import java.io.File;
import java.io.FileInputStream;
import java.io.FileNotFoundException;
import java.io.InputStream;


public class WallpaperServices extends WallpaperService {
    public Engine onCreateEngine() {
        return new GIFWallpaperEngine();
    }

    private final class GIFWallpaperEngine extends Engine {
        private Canvas canvas;

        private final Runnable drawGIFRunnable = new Runnable() {
            @Override
            public void run() {
                try {
                    drawGIF();
                } catch (FileNotFoundException e) {
                    throw new RuntimeException(e);
                }
            }
        };
        private final long frameDuration = 20;
        private final Handler handler = new Handler();
        private SurfaceHolder holder;
        private Movie movie;
        private int newsize;
        private boolean visible;
        private int xPos;
        private int xPosition;
        private int yPos;
        private int yPosition;

        public GIFWallpaperEngine() {
            super();
        }

        @Override
        public void onCreate(SurfaceHolder surfaceHolder) {
            super.onCreate(surfaceHolder);
            this.holder = surfaceHolder;
            loadPreferences();
        }

        private void loadPreferences() {
            this.xPos = new PrefUtils(WallpaperServices.this).getInt(CommonKeys.INSTANCE.getPos_New_X(), 100);
            this.yPos = new PrefUtils(WallpaperServices.this).getInt(CommonKeys.INSTANCE.getPos_New_Y(), 100);
            this.newsize = new PrefUtils(WallpaperServices.this).getInt(CommonKeys.INSTANCE.getGif_Size(), 50);
            this.xPosition = this.xPos;
            this.yPosition = this.yPos;
        }

        @Override
        public void onSurfaceDestroyed(SurfaceHolder surfaceHolder) {
            super.onSurfaceDestroyed(surfaceHolder);
            this.handler.removeCallbacks(this.drawGIFRunnable);
        }

        @Override
        public void onVisibilityChanged(boolean z) {
            this.visible = z;
            if (z) {
                loadAnimation();
                startAnimation();
                return;
            }
            stopAnimation();
        }

        private void loadAnimation() {
            Context applicationContext = WallpaperServices.this.getApplicationContext();
            String animationFilePath =  new PrefUtils(applicationContext).getString(CommonKeys.INSTANCE.getKEY_THEME_GIF());
            Log.d(&quot;animationFilePath&quot;, animationFilePath);
            try {
                InputStream inputStream = new FileInputStream(new File(animationFilePath));
                this.movie = Movie.decodeStream(inputStream);
            } catch (FileNotFoundException e) {
                // Handle file not found exception
            }
        }

        private void startAnimation() {
            this.handler.post(this.drawGIFRunnable);
        }

        private void stopAnimation() {
            this.handler.removeCallbacks(this.drawGIFRunnable);
        }

        public Bitmap inputStreamToBitmap(InputStream inputStream) {
            try {
                return BitmapFactory.decodeStream(inputStream);
            } catch (Exception e) {
                e.printStackTrace();
                return null;
            }
        }

        private void drawGIF() throws FileNotFoundException {
            loadPreferences();
            if (this.visible) {
                SurfaceHolder surfaceHolder = this.holder;
                Canvas canvas2 = null;
                if (surfaceHolder == null) {
                    surfaceHolder = null;
                }
                Canvas lockCanvas = surfaceHolder.lockCanvas();
                if (lockCanvas != null) {
                    this.canvas = lockCanvas;
                    if (lockCanvas == null) {
                        try {
                            lockCanvas = null;
                        } catch (Exception e) {
                            Log.e(&quot;GIF&quot;, &quot;Error drawing wallpaper&quot;, e);
                        } catch (Throwable th) {
                            this.handler.removeCallbacks(this.drawGIFRunnable);
                            this.handler.postDelayed(this.drawGIFRunnable, this.frameDuration);
                            throw th;
                        }
                    }
                    lockCanvas.drawColor(ViewCompat.MEASURED_STATE_MASK);
                    Canvas canvas3 = this.canvas;
                    if (canvas3 == null) {
                        canvas3 = null;
                    }
                    drawBackground(canvas3);
                    Canvas canvas4 = this.canvas;
                    if (canvas4 == null) {
                        canvas4 = null;
                    }
                    canvas4.save();
                    Movie movie2 = this.movie;
                    int width = movie2.width();
                    Movie movie3 = this.movie;
                    float max = ((float) this.newsize) / ((float) Math.max(width, movie3.height()));
                    int i = this.xPosition;
                    int i2 = this.yPosition;
                    Log.d(&quot;LayoutParams&quot;, &quot;translateX: &quot; + this.xPosition + &quot;,translateY: &quot; + this.yPosition + &quot;,scale: &quot; + max);
                    Matrix matrix = new Matrix();
                    matrix.postScale(max, max);
                    matrix.postTranslate((float) i, (float) i2);
                    Canvas canvas5 = this.canvas;
                    if (canvas5 == null) {
                        canvas5 = null;
                    }
                    canvas5.concat(matrix);
                    if (WallpaperServices.this.getSharedPreferences(&quot;fingerAnimationPrefs&quot;, 0).getBoolean(&quot;service_enabled&quot;, false)) {
                        Movie movie4 = this.movie;
                        if (movie4 != null) {
                            Canvas canvas6 = this.canvas;
                            if (canvas6 == null) {
                                canvas6 = null;
                            }
                            movie4.draw(canvas6, 1.0f, 1.0f);
                        }
                        Canvas canvas7 = this.canvas;
                        if (canvas7 == null) {
                            canvas7 = null;
                        }
                        canvas7.restore();
                        Movie movie5 = this.movie;
                        if (movie5 != null) {
                            long currentTimeMillis = System.currentTimeMillis();
                            Movie movie6 = this.movie;
                            Integer valueOf = movie6 != null ? Integer.valueOf(movie6.duration()) : null;
                            movie5.setTime((int) (currentTimeMillis % ((long) valueOf.intValue())));
                        }
                    } else {
                        Object systemService = WallpaperServices.this.getSystemService(&quot;keyguard&quot;);
                        boolean isKeyguardLocked = ((KeyguardManager) systemService).isKeyguardLocked();
                        if (isKeyguardLocked || (NewMainActivity.Companion.getAppActive() &amp;&amp; NewMainActivity.Companion.getComeFromApplyWallpaper() &amp;&amp; !isKeyguardLocked)) {
                            Movie movie7 = this.movie;
                            if (movie7 != null) {
                                Canvas canvas8 = this.canvas;
                                if (canvas8 == null) {
                                    canvas8 = null;
                                }
                                movie7.draw(canvas8, 1.0f, 1.0f);
                            }
                            Canvas canvas9 = this.canvas;
                            if (canvas9 == null) {
                                canvas9 = null;
                            }
                            canvas9.restore();
                            Movie movie8 = this.movie;
                            if (movie8 != null) {
                                long currentTimeMillis2 = System.currentTimeMillis();
                                Movie movie9 = this.movie;
                                Integer valueOf2 = movie9 != null ? Integer.valueOf(movie9.duration()) : null;
                                movie8.setTime((int) (currentTimeMillis2 % ((long) valueOf2.intValue())));
                            }
                        }
                    }
                    SurfaceHolder surfaceHolder2 = this.holder;
                    if (surfaceHolder2 == null) {
                        surfaceHolder2 = null;
                    }
                    Canvas canvas10 = this.canvas;
                    if (canvas10 == null) {
                    } else {
                        canvas2 = canvas10;
                    }
                    surfaceHolder2.unlockCanvasAndPost(canvas2);
                    this.handler.removeCallbacks(this.drawGIFRunnable);
                    this.handler.postDelayed(this.drawGIFRunnable, this.frameDuration);
                }
            }
        }

        private void drawBackground(Canvas canvas2) throws FileNotFoundException {
            Rect rect = new Rect(0, 0, NewMainActivity.Companion.getScreenWidth(), NewMainActivity.Companion.getScreenHeight());
            Paint paint = new Paint();
            paint.setFilterBitmap(true);
            Context applicationContext = WallpaperServices.this.getApplicationContext();
            String wallpaperFilePath = new PrefUtils(applicationContext).getString(CommonKeys.INSTANCE.getKEY_THEME_WALL_HOME());
            try {
                InputStream fileInputStream = new FileInputStream(new File(wallpaperFilePath));
                Bitmap decodeStream = BitmapFactory.decodeStream(fileInputStream);
                if (decodeStream != null) {
                    canvas2.drawBitmap(decodeStream, (Rect) null, rect, paint);
                }
            } catch (OutOfMemoryError | FileNotFoundException e) {
                // Handle exceptions
            }

//            Object systemService = WallpaperServices.this.getSystemService(&quot;keyguard&quot;);
//            boolean isKeyguardLocked = ((KeyguardManager) systemService).isKeyguardLocked();
//            Resources resources = WallpaperServices.this.getResources();
//            PrefUtilsNew prefUtilsNew = PrefUtilsNew.INSTANCE;
//            Context applicationContext2 = WallpaperServices.this.getApplicationContext();
//            if (prefUtilsNew.getBoolean(applicationContext2, CommonKeys.SELECTED_IMAGE_FROM_GALLERY_STATUS_FINAL)) {
//                PrefUtilsNew prefUtilsNew2 = PrefUtilsNew.INSTANCE;
//                Context applicationContext3 = WallpaperServices.this.getApplicationContext();
//                String string = prefUtilsNew2.getString(applicationContext3, CommonKeys.SELECTED_IMAGE_FROM_GALLERY);
//                if (string != null) {
//                    ContentResolver contentResolver = WallpaperServices.this.getContentResolver();
//                    Uri parse = Uri.parse(string);
//                    openRawResource = contentResolver.openInputStream(parse);
//                }
//            } else {
//                if (isKeyguardLocked) {
//                    Resources resources2 = WallpaperServices.this.getResources();
//                    Context applicationContext4 = WallpaperServices.this.getApplicationContext();
//                    inputStream = resources2.openRawResource(new PrefUtils(applicationContext4).getInt(CommonKeys.INSTANCE.getKEY_THEME_WALL_LOCK(), R.raw.w1));
//                } else {
//                    Resources resources3 = WallpaperServices.this.getResources();
//                    Context applicationContext5 = WallpaperServices.this.getApplicationContext();
//                    inputStream = resources3.openRawResource(new PrefUtils(applicationContext5).getInt(CommonKeys.INSTANCE.getKEY_THEME_WALL_HOME(), R.raw.w1));
//                }
//                openRawResource = inputStream;
//            }
//            try {
//                Bitmap decodeStream = BitmapFactory.decodeStream(openRawResource);
//                if (decodeStream != null) {
//                    canvas2.drawBitmap(decodeStream, (Rect) null, rect, paint);
//                }
//            } catch (OutOfMemoryError e) {
//                e.printStackTrace();
//            }
        }

        @Override
        public void onDestroy() {
            super.onDestroy();
            this.handler.removeCallbacks(this.drawGIFRunnable);
            SurfaceHolder surfaceHolder = null;
            this.movie = null;
            SurfaceHolder surfaceHolder2 = this.holder;
            if (surfaceHolder2 == null) {

            } else {
                surfaceHolder = surfaceHolder2;
            }
            surfaceHolder.getSurface().release();
        }
    }
}
Why set wallpaper can not load wallpaper and animation</historyEntry>
        <historyEntry timestamp="1719549216692">import android.app.KeyguardManager;
import android.content.ContentResolver;
import android.content.Context;
import android.content.res.Resources;
import android.graphics.Bitmap;
import android.graphics.BitmapFactory;
import android.graphics.Canvas;
import android.graphics.Matrix;
import android.graphics.Movie;
import android.graphics.Paint;
import android.graphics.Rect;
import android.net.Uri;
import android.os.Handler;
import android.service.wallpaper.WallpaperService;
import android.util.Log;
import android.view.SurfaceHolder;
import androidx.core.view.ViewCompat;
import com.demo.fingerprintanimation.R;
import com.demo.fingerprintanimation.ui.activities.main.NewMainActivity;
import com.demo.fingerprintanimation.utils.PrefUtils;
import com.demo.fingerprintanimation.utils.PrefUtilsNew;

import java.io.FileNotFoundException;
import java.io.InputStream;


public class WallpaperServices extends WallpaperService {
    public Engine onCreateEngine() {
        return new GIFWallpaperEngine();
    }

    private final class GIFWallpaperEngine extends Engine {
        private Canvas canvas;

        private final Runnable drawGIFRunnable = new Runnable() {
            @Override
            public void run() {
                try {
                    drawGIF();
                } catch (FileNotFoundException e) {
                    throw new RuntimeException(e);
                }
            }
        };
        private final long frameDuration = 20;
        private final Handler handler = new Handler();
        private SurfaceHolder holder;
        private Movie movie;
        private int newsize;
        private boolean visible;
        private int xPos;
        private int xPosition;
        private int yPos;
        private int yPosition;

        public GIFWallpaperEngine() {
            super();
        }

        @Override
        public void onCreate(SurfaceHolder surfaceHolder) {
            super.onCreate(surfaceHolder);
            this.holder = surfaceHolder;
            loadPreferences();
        }

        private void loadPreferences() {
            this.xPos = new PrefUtils(WallpaperServices.this).getInt(CommonKeys.INSTANCE.getPos_New_X(), 100);
            this.yPos = new PrefUtils(WallpaperServices.this).getInt(CommonKeys.INSTANCE.getPos_New_Y(), 100);
            this.newsize = new PrefUtils(WallpaperServices.this).getInt(CommonKeys.INSTANCE.getGif_Size(), 50);
            this.xPosition = this.xPos;
            this.yPosition = this.yPos;
        }

        @Override
        public void onSurfaceDestroyed(SurfaceHolder surfaceHolder) {
            super.onSurfaceDestroyed(surfaceHolder);
            this.handler.removeCallbacks(this.drawGIFRunnable);
        }

        @Override
        public void onVisibilityChanged(boolean z) {
            this.visible = z;
            if (z) {
                loadAnimation();
                startAnimation();
                return;
            }
            stopAnimation();
        }

        private void loadAnimation() {
            InputStream openRawResource = WallpaperServices.this.getResources().openRawResource(new PrefUtils(WallpaperServices.this).getInt(CommonKeys.INSTANCE.getKEY_THEME_GIF(), R.raw.gif1));
            this.movie = Movie.decodeStream(openRawResource);
        }

        private void startAnimation() {
            this.handler.post(this.drawGIFRunnable);
        }

        private void stopAnimation() {
            this.handler.removeCallbacks(this.drawGIFRunnable);
        }

        public Bitmap inputStreamToBitmap(InputStream inputStream) {
            try {
                return BitmapFactory.decodeStream(inputStream);
            } catch (Exception e) {
                e.printStackTrace();
                return null;
            }
        }

        private void drawGIF() throws FileNotFoundException {
            loadPreferences();
            if (this.visible) {
                SurfaceHolder surfaceHolder = this.holder;
                Canvas canvas2 = null;
                if (surfaceHolder == null) {
                    surfaceHolder = null;
                }
                Canvas lockCanvas = surfaceHolder.lockCanvas();
                if (lockCanvas != null) {
                    this.canvas = lockCanvas;
                    if (lockCanvas == null) {
                        try {
                            lockCanvas = null;
                        } catch (Exception e) {
                            Log.e(&quot;GIF&quot;, &quot;Error drawing wallpaper&quot;, e);
                        } catch (Throwable th) {
                            this.handler.removeCallbacks(this.drawGIFRunnable);
                            this.handler.postDelayed(this.drawGIFRunnable, this.frameDuration);
                            throw th;
                        }
                    }
                    lockCanvas.drawColor(ViewCompat.MEASURED_STATE_MASK);
                    Canvas canvas3 = this.canvas;
                    if (canvas3 == null) {
                        canvas3 = null;
                    }
                    drawBackground(canvas3);
                    Canvas canvas4 = this.canvas;
                    if (canvas4 == null) {
                        canvas4 = null;
                    }
                    canvas4.save();
                    Movie movie2 = this.movie;
                    int width = movie2.width();
                    Movie movie3 = this.movie;
                    float max = ((float) this.newsize) / ((float) Math.max(width, movie3.height()));
                    int i = this.xPosition;
                    int i2 = this.yPosition;
                    Log.d(&quot;LayoutParams&quot;, &quot;translateX: &quot; + this.xPosition + &quot;,translateY: &quot; + this.yPosition + &quot;,scale: &quot; + max);
                    Matrix matrix = new Matrix();
                    matrix.postScale(max, max);
                    matrix.postTranslate((float) i, (float) i2);
                    Canvas canvas5 = this.canvas;
                    if (canvas5 == null) {
                        canvas5 = null;
                    }
                    canvas5.concat(matrix);
                    if (WallpaperServices.this.getSharedPreferences(&quot;fingerAnimationPrefs&quot;, 0).getBoolean(&quot;service_enabled&quot;, false)) {
                        Movie movie4 = this.movie;
                        if (movie4 != null) {
                            Canvas canvas6 = this.canvas;
                            if (canvas6 == null) {
                                canvas6 = null;
                            }
                            movie4.draw(canvas6, 1.0f, 1.0f);
                        }
                        Canvas canvas7 = this.canvas;
                        if (canvas7 == null) {
                            canvas7 = null;
                        }
                        canvas7.restore();
                        Movie movie5 = this.movie;
                        if (movie5 != null) {
                            long currentTimeMillis = System.currentTimeMillis();
                            Movie movie6 = this.movie;
                            Integer valueOf = movie6 != null ? Integer.valueOf(movie6.duration()) : null;
                            movie5.setTime((int) (currentTimeMillis % ((long) valueOf.intValue())));
                        }
                    } else {
                        Object systemService = WallpaperServices.this.getSystemService(&quot;keyguard&quot;);
                        boolean isKeyguardLocked = ((KeyguardManager) systemService).isKeyguardLocked();
                        if (isKeyguardLocked || (NewMainActivity.Companion.getAppActive() &amp;&amp; NewMainActivity.Companion.getComeFromApplyWallpaper() &amp;&amp; !isKeyguardLocked)) {
                            Movie movie7 = this.movie;
                            if (movie7 != null) {
                                Canvas canvas8 = this.canvas;
                                if (canvas8 == null) {
                                    canvas8 = null;
                                }
                                movie7.draw(canvas8, 1.0f, 1.0f);
                            }
                            Canvas canvas9 = this.canvas;
                            if (canvas9 == null) {
                                canvas9 = null;
                            }
                            canvas9.restore();
                            Movie movie8 = this.movie;
                            if (movie8 != null) {
                                long currentTimeMillis2 = System.currentTimeMillis();
                                Movie movie9 = this.movie;
                                Integer valueOf2 = movie9 != null ? Integer.valueOf(movie9.duration()) : null;
                                movie8.setTime((int) (currentTimeMillis2 % ((long) valueOf2.intValue())));
                            }
                        }
                    }
                    SurfaceHolder surfaceHolder2 = this.holder;
                    if (surfaceHolder2 == null) {
                        surfaceHolder2 = null;
                    }
                    Canvas canvas10 = this.canvas;
                    if (canvas10 == null) {
                    } else {
                        canvas2 = canvas10;
                    }
                    surfaceHolder2.unlockCanvasAndPost(canvas2);
                    this.handler.removeCallbacks(this.drawGIFRunnable);
                    this.handler.postDelayed(this.drawGIFRunnable, this.frameDuration);
                }
            }
        }

        private void drawBackground(Canvas canvas2) throws FileNotFoundException {
            InputStream inputStream;
            Rect rect = new Rect(0, 0, NewMainActivity.Companion.getScreenWidth(), NewMainActivity.Companion.getScreenHeight());
            Paint paint = new Paint();
            paint.setFilterBitmap(true);
            Object systemService = WallpaperServices.this.getSystemService(&quot;keyguard&quot;);
            boolean isKeyguardLocked = ((KeyguardManager) systemService).isKeyguardLocked();
            Resources resources = WallpaperServices.this.getResources();
            Context applicationContext = WallpaperServices.this.getApplicationContext();
            InputStream openRawResource = resources.openRawResource(new PrefUtils(applicationContext).getInt(CommonKeys.INSTANCE.getKEY_THEME_WALL_HOME(), R.raw.w1));
            PrefUtilsNew prefUtilsNew = PrefUtilsNew.INSTANCE;
            Context applicationContext2 = WallpaperServices.this.getApplicationContext();
            if (prefUtilsNew.getBoolean(applicationContext2, CommonKeys.SELECTED_IMAGE_FROM_GALLERY_STATUS_FINAL)) {
                PrefUtilsNew prefUtilsNew2 = PrefUtilsNew.INSTANCE;
                Context applicationContext3 = WallpaperServices.this.getApplicationContext();
                String string = prefUtilsNew2.getString(applicationContext3, CommonKeys.SELECTED_IMAGE_FROM_GALLERY);
                if (string != null) {
                    ContentResolver contentResolver = WallpaperServices.this.getContentResolver();
                    Uri parse = Uri.parse(string);
                    openRawResource = contentResolver.openInputStream(parse);
                }
            } else {
                if (isKeyguardLocked) {
                    Resources resources2 = WallpaperServices.this.getResources();
                    Context applicationContext4 = WallpaperServices.this.getApplicationContext();
                    inputStream = resources2.openRawResource(new PrefUtils(applicationContext4).getInt(CommonKeys.INSTANCE.getKEY_THEME_WALL_LOCK(), R.raw.w1));
                } else {
                    Resources resources3 = WallpaperServices.this.getResources();
                    Context applicationContext5 = WallpaperServices.this.getApplicationContext();
                    inputStream = resources3.openRawResource(new PrefUtils(applicationContext5).getInt(CommonKeys.INSTANCE.getKEY_THEME_WALL_HOME(), R.raw.w1));
                }
                openRawResource = inputStream;
            }
            try {
                Bitmap decodeStream = BitmapFactory.decodeStream(openRawResource);
                if (decodeStream != null) {
                    canvas2.drawBitmap(decodeStream, (Rect) null, rect, paint);
                }
            } catch (OutOfMemoryError e) {
                e.printStackTrace();
            }
        }

        @Override
        public void onDestroy() {
            super.onDestroy();
            this.handler.removeCallbacks(this.drawGIFRunnable);
            SurfaceHolder surfaceHolder = null;
            this.movie = null;
            SurfaceHolder surfaceHolder2 = this.holder;
            if (surfaceHolder2 == null) {

            } else {
                surfaceHolder = surfaceHolder2;
            }
            surfaceHolder.getSurface().release();
        }
    }
}
I want to change wallpaper and animation with string is file</historyEntry>
        <historyEntry timestamp="1719459010740">Explain: FATAL EXCEPTION: main
Process: com.demo.fingerprintanimation, PID: 15188
java.lang.NullPointerException: Attempt to invoke virtual method 'boolean android.widget.CompoundButton.isChecked()' on a null object reference
at com.demo.fingerprintanimation.splashAds.PrivacyTermsActivity$1.onClick(PrivacyTermsActivity.java:44)
at android.view.View.performClick(View.java:7545) with tag AndroidRuntime</historyEntry>
        <historyEntry timestamp="1719457542717">Explain: FATAL EXCEPTION: main
Process: com.demo.fingerprintanimation, PID: 30396
java.lang.RuntimeException: Unable to start activity ComponentInfo{com.demo.fingerprintanimation/com.demo.fingerprintanimation.ui.activities.main.NewMainActivity}: java.lang.NullPointerException: Attempt to invoke virtual method 'void android.view.View.setOnClickListener(android.view.View$OnClickListener)' on a null object reference
at android.app.ActivityThread.performLaunchActivity(ActivityThread.java:3834)
at android.app.ActivityThread.handleLaunchActivity(ActivityThread.java:3980) with tag AndroidRuntime</historyEntry>
        <historyEntry timestamp="1719399613862">Explain build error: Plugin [id: 'dagger.hilt.android.plugin'] was not found in any of the following sources:</historyEntry>
        <historyEntry timestamp="1719391948521">Chuyển từ com.taymay.lockscreen.draw.base sang com.teikk.fingertest. base sử dung cú pháp của vim cho toàn bộ các file</historyEntry>
        <historyEntry timestamp="1719391441816">change com.teikk.fingertest.base to com.teikk.fingertest.base using vim for all project</historyEntry>
        <historyEntry timestamp="1717660678205">Explain: Failed to find configured root that contains /storage/emulated/0/Android/data/com.taymay.taoday/files/Pictures/card_view_image_1717660664360.png
java.lang.IllegalArgumentException: Failed to find configured root that contains /storage/emulated/0/Android/data/com.taymay.taoday/files/Pictures/card_view_image_1717660664360.png
at androidx.core.content.FileProvider$SimplePathStrategy.getUriForFile(FileProvider.java:849)
at androidx.core.content.FileProvider.getUriForFile(FileProvider.java:452)
at com.taymay.taoday.view.AddFriendActivity$initEvent$1$8.invoke(AddFriendActivity.kt:233) with tag EX</historyEntry>
        <historyEntry timestamp="1717582796217">Explain: FATAL EXCEPTION: DefaultDispatcher-worker-4
Process: com.taymay.taoday, PID: 6151
java.lang.RuntimeException: Can't create handler inside thread Thread[DefaultDispatcher-worker-4,5,main] that has not called Looper.prepare()
at android.os.Handler.&lt;init&gt;(Handler.java:227)
at android.os.Handler.&lt;init&gt;(Handler.java:129) with tag AndroidRuntime</historyEntry>
        <historyEntry timestamp="1717559411017">Explain: FATAL EXCEPTION: DefaultDispatcher-worker-2
Process: com.taymay.lockscreen.draw, PID: 8250
java.lang.IllegalStateException: Room cannot verify the data integrity. Looks like you've changed schema but forgot to update the version number. You can simply fix this by increasing the version number. Expected identity hash: 329a351405e82c558e27cadeb9c1f8d1, found: 424c26b25c91937aa19fcc1e8ff7d162
at androidx.room.RoomOpenHelper.checkIdentity(RoomOpenHelper.kt:146)
at androidx.room.RoomOpenHelper.onOpen(RoomOpenHelper.kt:127) with tag AndroidRuntime</historyEntry>
        <historyEntry timestamp="1717556181786">Explain: FATAL EXCEPTION: DefaultDispatcher-worker-1
Process: com.taymay.lockscreen.draw, PID: 1415
java.lang.IllegalArgumentException: @Part parameters can only be used with multipart encoding. (parameter #1)
for method ApiService.uploadBackground
at retrofit2.Utils.methodError(Utils.java:54) with tag AndroidRuntime</historyEntry>
        <historyEntry timestamp="1717498391646">file drawable có kiểu int thì có giống nhau ở mọi thiết bị không</historyEntry>
        <historyEntry timestamp="1717497814579">Explain: FATAL EXCEPTION: DefaultDispatcher-worker-1
Process: com.taymay.lockscreen.draw, PID: 13079
java.lang.IllegalStateException: Room cannot verify the data integrity. Looks like you've changed schema but forgot to update the version number. You can simply fix this by increasing the version number. Expected identity hash: cbacdb7aec4c9ff0e4a98278feb4eeab, found: fd1e548dee2111303788823d789e66f6
at androidx.room.RoomOpenHelper.checkIdentity(RoomOpenHelper.kt:146)
at androidx.room.RoomOpenHelper.onOpen(RoomOpenHelper.kt:127) with tag AndroidRuntime</historyEntry>
        <historyEntry timestamp="1717496385744">An abstract DAO method must be annotated with one and only one of the following annotations: Insert,Delete,Query,Update,Upsert,RawQuery</historyEntry>
        <historyEntry timestamp="1717496238613">fun getAllBackgroundEditWithLivedata(): LiveData&lt;List&lt;BackgroundEdit&gt;&gt;
Tại sao lỗi</historyEntry>
        <historyEntry timestamp="1716882663795">Explain: FATAL EXCEPTION: DefaultDispatcher-worker-3
Process: com.taymay.lockscreen.draw, PID: 4499
android.os.BadParcelableException: Parcelable encountered IOException writing serializable object (name = com.taymay.lockscreen.draw.data.model.Room)
at android.os.Parcel.writeSerializable(Parcel.java:2763)
at android.os.Parcel.writeValue(Parcel.java:2529) with tag AndroidRuntime</historyEntry>
        <historyEntry timestamp="1716803873635">private fun getNotiOutRoom() {
        socketIOManager.notiOutRoom {
            serviceScope.launch {
                updateListRoom()
                intent.action = &quot;NotiOutRoom&quot;
                intent.putExtra(&quot;content&quot;, it)
                sendBroadcast(intent)
            }
        }
    }

    private fun getNotiJoinRoom() {
        socketIOManager.notiJoinRoom {
            serviceScope.launch {
                updateListRoom()
                intent.action = &quot;NotiJoinRoom&quot;
                intent.putExtra(&quot;content&quot;, it)
                sendBroadcast(intent)
            }
        }
    }

    private fun updateListRoom() {
        val roomID = sharedPreferenceUtils.getStringValue(ROOM_ID, &quot;&quot;)
        serviceScope.launch {
            val response = apiClient.getRoom(roomID)
            if (response.isSuccessful &amp;&amp; response.body() != null) {
                val room = response.body()!!
                roomRepository.updateRoom(room)
            }
        }
    }
Tôi muốn trong activity cũng nhận được thay đổi</historyEntry>
        <historyEntry timestamp="1716803786425">service update data on roomDatabase, how to set observer change on activity</historyEntry>
        <historyEntry timestamp="1716803707615">tại sao log không được in ra khi nhận broadcast</historyEntry>
        <historyEntry timestamp="1716798710055">Explain: get life cycle exception
java.lang.ClassCastException: android.os.BinderProxy cannot be cast to android.app.servertransaction.ClientTransaction
at android.app.ActivityImpl.checkAccessControl(ActivityImpl.java:67)
at android.app.ActivityImpl.onResume(ActivityImpl.java:136)
at android.app.Activity.onResume(Activity.java:2203) with tag ActivityImpl</historyEntry>
        <historyEntry timestamp="1716795729038">Explain: FATAL EXCEPTION: main
Process: com.taymay.lockscreen.draw, PID: 13085
android.app.RemoteServiceException$CannotPostForegroundServiceNotificationException: Bad notification for startForeground
at android.app.ActivityThread.throwRemoteServiceException(ActivityThread.java:2069)
at android.app.ActivityThread.-$$Nest$mthrowRemoteServiceException(Unknown Source:0) with tag AndroidRuntime</historyEntry>
        <historyEntry timestamp="1716344064172">Explain: FATAL EXCEPTION: main
Process: com.taymay.lockscreen.draw, PID: 13572
java.lang.RuntimeException: Unable to start activity ComponentInfo{com.taymay.lockscreen.draw/com.taymay.lockscreen.draw.view.ConnectionActivity}: java.lang.NullPointerException: Attempt to invoke virtual method 'void android.widget.LinearLayout.setVisibility(int)' on a null object reference
at android.app.ActivityThread.performLaunchActivity(ActivityThread.java:3834)
at android.app.ActivityThread.handleLaunchActivity(ActivityThread.java:3980) with tag AndroidRuntime</historyEntry>
        <historyEntry timestamp="1716284068308">fake list contain 10 member</historyEntry>
        <historyEntry timestamp="1716284050511">data class Member(
    val _id: String,
    val name: String
) {
    override fun toString(): String {
        return &quot;Member(id = $_id, name = $name)&quot;
    }
}</historyEntry>
        <historyEntry timestamp="1716284028872">Fake list member length 10</historyEntry>
        <historyEntry timestamp="1716195248213">How to import it</historyEntry>
        <historyEntry timestamp="1716195228217">BarcodeAnalyzer</historyEntry>
        <historyEntry timestamp="1715676344747">Explain: FATAL EXCEPTION: main
Process: com.taymay.lockscreen.draw, PID: 29771
java.lang.RuntimeException: Unable to start activity ComponentInfo{com.taymay.lockscreen.draw/com.taymay.lockscreen.draw.view.TestActivity}: java.lang.IllegalArgumentException: A required type converter (class com.taymay.lockscreen.draw.data.local.RoomConverter) for com.taymay.lockscreen.draw.data.local.RoomDao is missing in the database configuration.
at android.app.ActivityThread.performLaunchActivity(ActivityThread.java:3834)
at android.app.ActivityThread.handleLaunchActivity(ActivityThread.java:3980) with tag AndroidRuntime</historyEntry>
        <historyEntry timestamp="1715676334654">Explain: Process is going to kill itself!
java.lang.Exception
at android.os.Process.killProcess(Process.java:1344)
at com.android.internal.os.RuntimeInit$KillApplicationHandler.uncaughtException(RuntimeInit.java:181)
at java.lang.ThreadGroup.uncaughtException(ThreadGroup.java:1071) with tag Process</historyEntry>
        <historyEntry timestamp="1715675543976">Cấu trúc lưu trong room sẽ có dạng như nào</historyEntry>
        <historyEntry timestamp="1715675505490">data class Room(
    val _id: String,
    val member: List&lt;Member&gt;
) {
    override fun toString(): String {
        return &quot;Room(_id='$_id', member=$member)&quot;
    }
}</historyEntry>
        <historyEntry timestamp="1715675484751">Save it on room</historyEntry>
        <historyEntry timestamp="1715589288200">Explain: FATAL EXCEPTION: main
Process: com.taymay.taoday, PID: 25649
java.lang.IndexOutOfBoundsException: Inconsistency detected. Invalid item position 1(offset:1).state:2 androidx.recyclerview.widget.RecyclerView{a1d6553 VFED..... ......ID 0,0-1080,2020 #7f080270 app:id/rcvFriends}, adapter:com.taymay.taoday.adapter.FriendAdapter@4959e90, layout:androidx.recyclerview.widget.LinearLayoutManager@d649389, context:dagger.hilt.android.internal.managers.ViewComponentManager$FragmentContextWrapper@296d3cf
at androidx.recyclerview.widget.RecyclerView$Recycler.tryGetViewHolderForPositionByDeadline(RecyclerView.java:6183)
at androidx.recyclerview.widget.RecyclerView$Recycler.getViewForPosition(RecyclerView.java:6118) with tag AndroidRuntime</historyEntry>
        <historyEntry timestamp="1715250389920">Tiếng việt</historyEntry>
        <historyEntry timestamp="1715250368804">Exampe we have emoji A I want when we give new emoji B, emoji B will be front of A</historyEntry>
        <historyEntry timestamp="1715250259937">Xử lý trên android client không phải trên server</historyEntry>
        <historyEntry timestamp="1715250213409">Nhưng khi vẽ lại thì nét sau tôi muốn phải đè lên nét cũ</historyEntry>
        <historyEntry timestamp="1715250202406">Nhưng khi vẽ lại thì nét sau tôi muốn phải đ è lên nét cũ</historyEntry>
        <historyEntry timestamp="1715250145752">Làm sao để biết nét nào nằm trn</historyEntry>
        <historyEntry timestamp="1715250109407">Làm sao de biet net nao nam tren</historyEntry>
        <historyEntry timestamp="1715245500310">Nếu emoji cũng có thể di chuyển giống với nét vẽ thì sao</historyEntry>
        <historyEntry timestamp="1715245410874">Nếu có thêm các hình emoji thì sao</historyEntry>
        <historyEntry timestamp="1715245330160">Tôi muốn tạo 1 ứng dụng vẽ realtime cho 2 người qua socket thì nên gửi qua socket như thế nào</historyEntry>
        <historyEntry timestamp="1715244700324">Khi tất cả mọi người leave_room trong socket io của flask thì room có tự đóng không</historyEntry>
        <historyEntry timestamp="1715244592073">Có thể hỏi bằng tiếng việt không</historyEntry>
      </list>
    </option>
  </component>
</application>