<application>
  <component name="Trusted.Paths">
    <option name="TRUSTED_PROJECT_PATHS">
      <map>
        <entry key="$USER_HOME$/AndroidApp/Camera-Using-CameraX" value="true" />
        <entry key="$USER_HOME$/AndroidApp/CameraRecorder-android" value="true" />
        <entry key="$USER_HOME$/AndroidApp/CameraView" value="true" />
        <entry key="$USER_HOME$/AndroidApp/CameraView/demo" value="true" />
        <entry key="$USER_HOME$/AndroidApp/ComposeCrashCourse" value="true" />
        <entry key="$USER_HOME$/AndroidApp/DATN" value="true" />
        <entry key="$USER_HOME$/AndroidApp/Google-IAP" value="true" />
        <entry key="$USER_HOME$/AndroidApp/JetpackComposeDemo" value="true" />
        <entry key="$USER_HOME$/AndroidApp/Kotlin-Coroutines-and-Flow-UseCases-on-Android" value="true" />
        <entry key="$USER_HOME$/AndroidApp/Lightning-Browser" value="true" />
        <entry key="$USER_HOME$/AndroidApp/Logo-Adder" value="true" />
        <entry key="$USER_HOME$/AndroidApp/OpenCVDemo" value="true" />
        <entry key="$USER_HOME$/AndroidApp/OpenCVDemo2" value="true" />
        <entry key="$USER_HOME$/AndroidApp/QRTool" value="true" />
        <entry key="$USER_HOME$/AndroidApp/Seal" value="true" />
        <entry key="$USER_HOME$/AndroidApp/TestAnything" value="true" />
        <entry key="$USER_HOME$/AndroidApp/TestTheme" value="true" />
        <entry key="$USER_HOME$/AndroidApp/ToDoJetpack" value="true" />
        <entry key="$USER_HOME$/AndroidApp/ToDo_Jetpack" value="true" />
        <entry key="$USER_HOME$/AndroidApp/ToDometer" value="true" />
        <entry key="$USER_HOME$/AndroidApp/VideoDownloader" value="true" />
        <entry key="$USER_HOME$/AndroidApp/VideoWatermark" value="true" />
        <entry key="$USER_HOME$/AndroidApp/WaterMarkTest" value="true" />
        <entry key="$USER_HOME$/AndroidApp/advanced-android-kotlin-notifications" value="true" />
        <entry key="$USER_HOME$/AndroidApp/architecture-components-samples/PagingWithNetworkSample" value="true" />
        <entry key="$USER_HOME$/AndroidApp/architecture-components-samples/WorkManagerSample" value="true" />
        <entry key="$USER_HOME$/AndroidApp/architecture-samples" value="true" />
        <entry key="$USER_HOME$/AndroidApp/breezy-weather" value="true" />
        <entry key="$USER_HOME$/AndroidApp/browser_lighting" value="true" />
        <entry key="$USER_HOME$/AndroidApp/super-video-downloader" value="true" />
        <entry key="$USER_HOME$/AndroidApp/tinhtinh" value="true" />
        <entry key="$USER_HOME$/AndroidStudioProjects/MBBalanceVoice" value="true" />
        <entry key="$USER_HOME$/AndroidStudioProjects/MyApplication" value="true" />
        <entry key="$USER_HOME$/AndroidStudioProjects/RxJava" value="true" />
        <entry key="$USER_HOME$/Downloads/com.taymay.taoday-feature_kiet" value="true" />
        <entry key="$USER_HOME$/HihoayJSC/adx-service-android" value="true" />
        <entry key="$USER_HOME$/HihoayJSC/android-browser" value="true" />
        <entry key="$USER_HOME$/HihoayJSC/android-file-viewer" value="true" />
        <entry key="$USER_HOME$/HihoayJSC/android-service" value="true" />
        <entry key="$USER_HOME$/HihoayJSC/com.hihoay.location.tracker" value="true" />
        <entry key="$USER_HOME$/HihoayJSC/com.hihoay.location.tracker/android" value="true" />
        <entry key="$USER_HOME$/HihoayJSC/com.taymay.assistive.touch" value="true" />
        <entry key="$USER_HOME$/HihoayJSC/com.taymay.edge.lighting" value="true" />
        <entry key="$USER_HOME$/HihoayJSC/com.taymay.file.transfer" value="true" />
        <entry key="$USER_HOME$/HihoayJSC/com.taymay.image.video.gps" value="true" />
        <entry key="$USER_HOME$/HihoayJSC/com.taymay.pdfreader.pdfviewer" value="true" />
        <entry key="$USER_HOME$/HihoayJSC/com.taymay.screen.mirror" value="true" />
        <entry key="$USER_HOME$/HihoayJSC/com.taymay.video.downloader" value="true" />
        <entry key="$USER_HOME$/HihoayJSC/kotlin-clean-artchitecture" value="true" />
        <entry key="$USER_HOME$/HihoayJSC/notify-android" value="true" />
        <entry key="$USER_HOME$/New World/QR-Code-Scanner--Google-ML-Kit" value="true" />
        <entry key="$USER_HOME$/android-compose-tasks" value="true" />
      </map>
    </option>
  </component>
  <component name="Trusted.Paths.Settings">
    <option name="TRUSTED_PATHS">
      <list>
        <option value="$USER_HOME$/HihoayJSC" />
        <option value="$USER_HOME$/AndroidApp" />
        <option value="$USER_HOME$/New World" />
        <option value="$USER_HOME$/Downloads" />
        <option value="$USER_HOME$" />
      </list>
    </option>
  </component>
</application>