<application>
  <component name="DimensionService">
    <location key="WELCOME_SCREEN.0.0.1920.1080" x="960" y="300" />
    <location key="find.popup.0.0.1920.1080" x="633" y="136" />
    <location key="find.popup.1920.0.1920.1080" x="2421" y="32" />
    <size key="GridCell.Tab.0.left.1920.0.1920.1080" width="1838" height="469" />
    <size key="GridCell.Tab.0.center.1920.0.1920.1080" width="1838" height="469" />
    <size key="GridCell.Tab.0.right.1920.0.1920.1080" width="1838" height="469" />
    <size key="GridCell.Tab.0.bottom.1920.0.1920.1080" width="1838" height="469" />
    <size key="GridCell.Tab.0.left.0.0.1920.1080" width="1838" height="265" />
    <size key="GridCell.Tab.0.center.0.0.1920.1080" width="1838" height="265" />
    <size key="GridCell.Tab.0.right.0.0.1920.1080" width="1838" height="265" />
    <size key="GridCell.Tab.0.bottom.0.0.1920.1080" width="1838" height="265" />
    <size key="find.popup.0.0.1920.1080" width="776" height="819" />
    <size key="GridCell.Tab.1.left.1920.0.1920.1080" width="1838" height="448" />
    <size key="GridCell.Tab.1.center.1920.0.1920.1080" width="1838" height="448" />
    <size key="GridCell.Tab.1.right.1920.0.1920.1080" width="1838" height="448" />
    <size key="GridCell.Tab.1.bottom.1920.0.1920.1080" width="1838" height="448" />
    <size key="find.popup.1920.0.1920.1080" width="792" height="676" />
  </component>
  <component name="WindowManager">
    <frame x="199" y="93" width="1440" height="1080" extendedState="6" />
  </component>
  <component name="WindowStateApplicationService">
    <state x="2663" y="245" width="424" height="495" key="FileChooserDialogImpl" timestamp="1739754749444">
      <screen x="1920" y="32" width="1920" height="1048" />
    </state>
    <state x="2663" y="245" width="424" height="495" key="FileChooserDialogImpl/1920.32.1920.1048/0.0.1920.1080" timestamp="1739754749444" />
    <state width="609" height="139" key="ShowUsagesActions.dimensionServiceKey" timestamp="1747643887395">
      <screen x="1920" y="0" width="1920" height="1080" />
    </state>
    <state width="672" height="159" key="ShowUsagesActions.dimensionServiceKey/0.32.1920.1048" timestamp="1747550744124" />
    <state width="577" height="159" key="ShowUsagesActions.dimensionServiceKey/0.32.1920.1048/1920.0.1920.1080" timestamp="1739929392682" />
    <state width="562" height="111" key="ShowUsagesActions.dimensionServiceKey/1920.0.1920.1080/0.0.1920.1080" timestamp="1747197985342" />
    <state width="609" height="139" key="ShowUsagesActions.dimensionServiceKey/1920.0.1920.1080/0.125.1920.1080" timestamp="1747643887395" />
    <state width="724" height="815" key="ShowUsagesActions.dimensionServiceKey/1920.32.1920.1048/0.0.1920.1080" timestamp="1741945373676" />
    <state x="2880" y="489" width="800" height="650" key="WELCOME_SCREEN" timestamp="1741674682491">
      <screen x="1920" y="32" width="1920" height="1048" />
    </state>
    <state x="960" y="489" width="800" height="650" key="WELCOME_SCREEN/0.32.1920.1048" timestamp="1739718542048" />
    <state x="2880" y="489" width="800" height="650" key="WELCOME_SCREEN/1920.32.1920.1048/0.0.1920.1080" timestamp="1741674682491" />
  </component>
</application>