<keymap version="1" name="Windows copy" parent="$default">
  <action id="ActivateLogcatToolWindow">
    <keyboard-shortcut first-keystroke="ctrl escape" />
  </action>
  <action id="ActivateStudioBotToolWindow">
    <keyboard-shortcut first-keystroke="shift ctrl f" />
  </action>
  <action id="ActivateTerminalToolWindow">
    <keyboard-shortcut first-keystroke="alt f12" />
    <keyboard-shortcut first-keystroke="shift escape" />
  </action>
  <action id="Android.CleanRun" />
  <action id="EditorDeleteToWordEnd" />
  <action id="FileChooser.NewFolder">
    <keyboard-shortcut first-keystroke="alt insert" />
  </action>
  <action id="FindInPath" />
  <action id="Git.Branches" />
  <action id="GotoClass" />
  <action id="HideActiveWindow" />
  <action id="Kotlin.NewFile">
    <keyboard-shortcut first-keystroke="ctrl n" />
  </action>
  <action id="Refresh" />
  <action id="Terminal.Escape" />
  <action id="UpdateRunningApplication" />
  <action id="VimPluginToggle">
    <keyboard-shortcut first-keystroke="ctrl windows" />
  </action>
  <action id="android.deploy.ApplyChanges">
    <keyboard-shortcut first-keystroke="ctrl f10" />
  </action>
  <action id="android.deploy.CodeSwap">
    <keyboard-shortcut first-keystroke="ctrl alt f10" />
  </action>
  <action id="com.developerphil.adbidea.action.ClearDataAndRestartAction">
    <keyboard-shortcut first-keystroke="ctrl f5" />
  </action>
  <action id="com.developerphil.adbidea.action.UninstallAction">
    <keyboard-shortcut first-keystroke="ctrl delete" />
  </action>
</keymap>